Aspect Ratio,Audio Jack,Chipset,Internal Memory,RAM,Resolution,Bezel-less display,Colours,FM Radio,Fingerprint Sensor Position,Flash,GPS,NFC,Other Sensors,Physical Aperture,Quick Charging,Screen Protection,Sensor,User Replaceable,VoLTE,Graphics,Image Resolution,Network Support,Optical Image Stabilisation,Pixel Density,Processor,Screen Size,Screen to Body Ratio (calculated),Settings,Shooting Modes,USB Connectivity,Height,Width,Review Count,Rating Count,Bluetooth,Touch Screen,Thickness,Weight,Wi-Fi Features,Capacity
6,0,4,7,3,3,0,4,1,4,1,2,0,5,2,1,0,4,0,1,0,3,3,2,2,0,6.26,80.68,1,3,1,157.9,76.4,17138,172274,4,2,8.2,182.0,2,4000
6,0,4,4,2,5,0,3,1,4,1,1,0,5,3,0,1,8,0,1,0,4,3,2,1,0,6.2,80.85,1,2,1,156.2,75.6,38252,339447,3,2,8.2,168.0,0,4230
5,0,3,4,2,6,0,3,1,4,1,2,0,3,2,0,1,4,0,1,2,4,3,1,2,0,6.3,83.68,1,2,1,157.0,74.0,1151,1149,3,2,8.0,168.0,0,3500
1,0,5,7,3,6,0,3,1,5,1,2,0,4,2,0,6,7,0,1,2,6,3,1,2,0,6.0,74.78,1,2,1,159.8,76.8,779,6026,4,2,7.5,169.0,2,3300
5,0,1,7,3,1,0,3,1,4,1,2,0,5,2,0,6,8,0,1,2,6,3,2,2,0,6.5,84.23,1,2,1,160.4,76.6,5177,5175,3,2,7.8,175.0,0,3750
3,0,4,2,1,4,0,1,1,2,1,0,0,1,2,0,6,8,0,0,3,6,4,2,0,1,5.339,71.0,1,2,1,149.0,73.0,809,4019,3,2,7.7,149.0,0,3150
5,0,4,7,4,6,0,3,1,3,1,2,0,5,2,1,1,8,0,1,0,3,3,1,2,0,6.41,84.98,1,2,1,157.9,75.0,4178,19350,4,2,7.9,156.0,2,3400
3,0,3,2,1,4,0,4,1,2,1,2,0,4,3,0,6,8,0,1,4,4,3,2,1,1,5.45,72.68,1,1,1,147.5,71.5,5543,7525,3,2,8.3,145.0,2,3000
6,0,4,4,2,4,0,4,1,4,1,2,0,5,3,0,6,7,0,1,0,3,3,2,2,0,5.84,79.24,1,3,1,149.3,71.6,15649,15725,3,2,8.7,178.0,2,4000
6,0,4,2,1,5,0,2,1,2,1,1,0,4,3,0,6,3,0,1,0,4,3,2,1,0,6.2,80.85,1,2,1,156.2,75.6,905,4414,3,2,8.2,168.0,0,4230
2,0,4,7,4,3,0,3,1,4,1,2,0,5,2,1,0,7,0,1,0,3,3,2,2,0,6.18,82.2,1,3,0,155.5,75.2,16756,111795,4,2,8.8,182.0,2,4000
5,2,4,1,4,1,0,1,0,3,1,2,1,5,2,1,4,4,0,1,0,5,3,3,2,0,6.41,85.43,1,2,0,157.5,74.8,7410,7409,4,2,8.2,185.0,0,3700
3,2,4,7,3,3,0,5,1,4,1,2,0,5,3,1,3,4,0,1,0,3,3,2,2,0,5.99,77.38,1,3,0,158.7,75.4,7727,9283,4,2,7.3,168.0,2,3010
6,0,1,4,2,1,0,4,1,4,1,2,0,4,2,0,6,8,0,1,2,4,3,2,2,0,5.84,79.07,1,2,1,149.2,71.8,9949,96143,3,2,7.7,152.0,0,3000
6,0,4,7,3,6,0,3,1,4,1,2,0,5,2,0,0,2,0,1,0,5,3,2,2,0,6.3,84.87,1,2,2,154.81,75.03,10615,78686,3,2,7.89,150.0,0,3260
6,0,3,4,3,5,0,2,1,4,1,2,0,5,0,0,6,8,0,1,4,4,3,2,1,0,6.22,82.6,1,2,2,155.1,75.0,10,11,4,1,8.2,163.5,0,4030
6,0,4,7,3,1,0,3,1,4,1,2,0,5,2,1,1,8,0,1,0,5,3,2,2,0,5.8,80.05,1,2,0,147.2,70.9,16415,112997,4,2,7.9,151.0,0,3060
2,0,4,7,3,3,0,3,1,4,1,2,1,5,2,1,1,7,0,1,0,3,3,3,2,0,6.18,82.03,0,4,0,154.8,75.7,183,181,4,2,7.9,180.0,0,3500
6,0,4,7,3,3,0,2,1,4,1,2,0,5,2,0,0,8,0,1,0,4,3,2,1,0,6.22,82.6,1,2,1,155.1,75.0,230,1787,3,2,8.2,163.5,0,4030
5,0,1,7,3,1,0,3,1,4,1,2,0,5,2,1,6,1,0,1,2,5,3,2,2,0,6.3,82.98,1,2,0,157.9,74.2,3747,3744,3,2,7.4,176.0,0,3750
6,0,4,4,2,5,0,2,1,4,1,2,0,5,2,0,6,8,0,1,0,4,3,2,1,0,6.26,80.64,1,2,1,158.4,76.2,823,5841,3,2,7.7,160.0,2,4000
6,0,4,7,3,1,0,2,1,4,1,2,0,4,2,0,0,2,0,1,0,4,3,2,1,0,6.2,81.22,1,2,2,155.9,75.4,41,215,3,2,8.1,168.0,0,4230
6,0,4,7,4,3,0,4,1,4,1,2,0,5,2,1,0,4,0,1,0,3,3,2,2,0,6.26,80.68,1,3,1,157.9,76.4,3147,28649,4,2,8.2,182.0,2,4000
6,0,3,2,1,4,0,2,1,2,1,2,0,5,3,0,6,8,0,1,4,4,3,2,1,1,6.22,82.66,0,2,1,155.0,75.0,7,75,4,2,7.7,143.0,0,3260
6,0,3,4,2,5,0,3,1,4,1,2,0,5,3,1,6,8,0,1,2,4,3,2,1,0,5.86,79.34,1,2,0,149.5,71.9,10263,69060,3,2,8.0,151.0,0,3060
1,0,4,4,1,4,0,3,1,2,1,2,0,3,3,0,6,8,0,1,0,4,3,1,1,1,6.0,73.94,1,2,1,161.4,76.9,119,647,3,2,7.9,178.0,2,3300
3,0,4,7,3,1,0,5,1,4,1,2,0,5,2,0,6,8,0,1,0,3,3,2,1,0,5.99,74.64,1,2,1,160.7,77.2,18880,21775,3,2,8.1,170.0,2,3080
1,0,4,1,4,6,0,3,1,4,0,2,1,4,2,1,6,8,0,1,0,6,3,1,2,0,6.3,80.86,1,2,0,162.5,77.0,59,222,4,2,7.8,183.0,0,3800
4,0,4,1,5,5,0,1,1,3,1,2,0,5,2,1,6,7,0,1,0,3,3,3,2,0,6.59,86.47,1,2,0,162.0,77.0,531,529,4,2,7.9,199.0,0,4000
6,0,4,7,3,0,0,2,1,4,1,2,0,5,2,1,4,7,0,1,0,3,3,2,2,0,6.26,81.64,1,2,1,157.9,75.5,2258,11151,4,2,8.5,175.0,2,5000
5,2,1,1,4,6,0,5,1,3,1,2,1,6,2,1,6,8,0,1,2,6,3,2,3,0,6.39,87.66,1,2,0,157.8,72.3,111,108,4,2,8.6,189.0,0,4200
6,0,4,4,3,5,0,2,1,4,1,2,0,5,2,0,6,8,0,1,0,4,3,2,1,0,6.26,80.8,1,2,1,158.7,75.9,133,130,3,2,7.9,167.0,0,4000
3,0,4,4,2,5,0,3,1,4,1,2,0,5,2,0,6,3,0,1,0,4,3,2,1,0,5.7,75.36,1,2,1,152.4,73.0,22189,209619,3,2,7.8,150.0,0,3000
3,0,4,7,4,1,0,3,1,4,1,2,0,5,2,1,6,8,0,1,0,5,3,2,2,0,5.99,76.62,1,2,1,159.0,76.0,19894,118441,4,2,8.4,180.0,2,5000
3,0,4,2,1,4,0,2,1,2,1,2,0,4,4,0,6,8,0,1,0,4,3,2,1,0,5.45,72.63,1,2,1,147.2,71.7,3770,27405,3,2,8.1,140.0,2,3000
3,0,4,4,2,1,0,5,1,4,1,2,0,5,2,0,6,8,0,1,0,3,3,2,1,0,5.99,74.64,1,2,1,160.7,77.2,18719,19835,3,2,8.1,170.0,2,3080
6,0,4,7,4,1,0,2,1,4,1,2,0,5,2,0,6,8,0,1,0,4,3,2,2,0,6.3,84.91,1,4,1,154.8,75.0,893,890,3,2,7.8,150.0,0,3260
1,0,4,7,3,5,0,3,1,5,1,2,0,4,1,0,6,8,0,1,0,4,3,1,1,1,6.0,73.94,1,2,1,161.4,76.9,306,1391,3,2,7.9,178.0,2,3300
6,0,3,7,3,6,0,3,1,4,1,1,0,5,2,0,3,3,0,1,2,5,3,2,2,0,6.23,82.06,1,2,1,156.0,75.3,2459,11208,3,2,7.8,158.0,2,3400
5,0,1,1,3,6,0,2,1,4,1,2,0,5,2,0,6,8,0,1,2,5,3,2,2,0,6.3,82.03,1,2,2,157.6,75.2,2397,2394,3,2,7.6,169.0,0,3340
3,0,3,7,3,0,0,2,1,4,1,1,0,5,2,1,1,10,0,1,2,4,3,1,2,2,5.5,70.95,1,2,1,154.5,75.9,16020,32050,3,2,8.5,180.0,2,4000
5,0,3,7,3,6,0,3,1,4,1,2,0,3,2,0,1,4,0,1,2,4,3,1,2,0,6.3,83.68,1,2,1,157.0,74.0,1151,1149,3,2,8.0,168.0,0,3500
1,0,5,7,4,5,0,5,0,4,1,2,1,7,5,1,3,3,0,1,2,3,3,3,3,0,6.2,83.99,0,2,0,158.1,73.8,721,3039,4,2,8.5,189.0,2,3500
3,0,1,4,2,0,0,3,1,4,1,1,0,5,2,0,6,2,0,1,2,4,3,2,2,0,5.65,75.88,1,2,1,151.0,71.9,61028,385739,3,2,7.6,149.0,2,3000
3,1,0,7,2,6,0,2,0,2,1,2,1,6,3,1,7,0,0,1,1,3,3,0,3,2,5.8,80.93,1,3,2,143.6,70.9,1444,5220,4,0,7.7,174.0,0,2716
3,0,4,2,1,4,0,4,1,2,1,2,0,5,2,0,6,10,0,1,0,4,3,1,1,1,5.0,69.86,1,3,1,140.4,70.1,152219,1144467,2,2,8.3,137.0,2,3000
3,0,4,4,2,5,0,2,1,4,1,2,0,4,2,1,6,8,0,1,0,4,3,2,1,0,5.45,73.4,1,2,1,147.3,70.9,5457,37741,1,2,8.7,150.0,2,4000
3,0,6,5,5,6,0,1,0,2,0,1,1,1,2,0,6,8,1,1,2,0,3,1,0,2,2.4,71.0,1,2,2,149.0,73.0,2041,9444,2,4,7.7,149.0,0,2000
6,0,3,4,3,5,0,3,1,4,1,1,0,4,3,0,1,8,0,1,4,4,3,2,1,0,6.22,82.33,1,2,1,155.2,75.2,2383,9762,4,2,7.7,151.0,0,3260
3,0,4,4,2,5,0,3,1,4,1,2,0,4,2,0,6,8,0,1,0,4,3,2,1,0,5.99,76.26,1,2,1,158.3,76.7,5550,5858,3,2,7.8,164.0,2,3000
1,0,5,7,3,5,0,2,1,4,1,2,0,2,1,0,6,8,0,1,2,4,3,1,1,0,5.6,76.28,1,2,1,149.3,70.2,6629,64805,3,2,8.2,154.0,2,3000
3,0,4,7,3,6,0,4,1,4,1,2,0,5,2,0,1,8,0,1,0,5,3,1,1,0,5.99,78.51,1,2,1,155.8,75.7,3795,17019,3,2,7.7,160.0,0,3225
3,2,4,1,4,3,0,5,1,4,1,2,0,5,3,1,3,4,0,1,0,3,3,2,2,0,5.99,77.38,1,3,0,158.7,75.4,7518,7515,4,2,7.3,168.0,2,3010
3,0,3,2,1,5,0,2,1,4,1,1,0,3,3,0,6,8,0,1,4,4,3,2,1,1,5.45,73.75,1,2,1,146.8,70.8,660,4803,3,2,9.8,160.0,0,4000
6,0,4,7,4,1,0,3,0,4,1,2,1,5,2,1,3,4,0,1,0,5,3,3,2,0,6.28,83.55,1,2,0,155.7,75.3,22619,22617,4,2,7.7,177.0,2,3300
3,0,3,2,0,4,0,2,1,2,1,1,0,3,2,1,0,8,1,1,4,2,3,2,1,1,5.45,74.53,0,2,1,146.5,70.2,346,833,1,1,8.7,139.0,0,3000
5,2,4,3,5,6,0,2,0,2,1,2,0,4,2,1,3,4,0,1,0,5,3,3,2,0,6.4,86.29,1,2,0,156.7,74.2,93,386,4,2,9.6,186.0,0,3730
3,0,4,2,2,4,0,2,1,2,1,2,0,5,3,0,0,8,0,1,0,4,3,2,1,1,6.0,78.62,1,2,1,155.9,75.8,703,3502,3,2,7.8,150.0,0,3360
3,0,4,5,5,2,0,3,1,2,1,1,0,1,2,0,6,8,1,1,0,0,3,1,0,2,2.45,28.26,1,2,3,133.4,49.3,104,222,2,2,14.9,117.0,0,1500
6,0,4,1,5,6,0,2,1,3,1,2,0,5,2,1,4,4,0,1,0,5,3,2,2,0,6.4,85.05,1,2,0,157.5,74.9,17,16,4,2,7.5,182.0,0,3500
6,0,3,7,3,5,0,3,1,4,1,2,0,5,3,0,1,8,0,1,4,4,3,2,1,0,6.22,82.33,1,2,1,155.2,75.2,420,2286,4,2,7.7,152.0,0,3260
3,0,4,2,1,4,0,4,1,4,1,2,0,4,3,0,6,10,0,1,0,3,3,2,1,0,5.7,75.87,1,3,1,151.8,72.8,16020,17221,3,2,7.7,157.0,2,3300
3,0,3,4,1,4,0,4,1,2,1,2,0,4,3,0,6,8,0,1,4,4,3,2,1,1,5.45,72.68,1,1,1,147.5,71.5,20017,250442,3,2,8.3,145.0,2,3000
0,0,0,4,2,6,0,5,0,1,1,2,1,6,3,0,7,0,0,1,4,6,3,3,2,1,5.5,67.51,1,3,2,158.2,77.9,1169,1980,3,0,7.3,188.0,0,2900
0,0,4,8,0,4,0,4,1,2,1,2,0,3,2,0,6,8,0,1,0,2,3,2,1,1,5.5,69.8,0,2,1,153.6,77.6,313,1159,2,2,9.67,149.0,0,4000
3,0,3,1,4,5,0,2,1,2,1,1,0,5,3,0,6,8,0,1,2,4,3,2,2,0,6.0,78.94,1,2,1,156.5,75.2,28423,28420,3,2,7.8,155.0,0,3410
6,0,4,7,3,5,0,2,1,4,1,2,1,5,2,1,1,8,0,1,0,3,3,2,2,0,5.84,80.65,1,2,0,149.7,71.1,27,92,4,2,7.9,160.0,0,3060
6,0,1,7,3,6,0,2,1,4,1,2,0,4,2,1,6,8,0,1,2,5,3,2,2,0,5.84,80.06,1,2,0,148.6,71.2,2629,2644,3,2,7.4,145.0,0,3000
3,0,4,7,4,3,0,5,1,4,1,2,0,5,2,1,0,4,0,1,0,3,3,1,2,0,5.99,77.43,0,3,1,158.6,75.4,16910,151295,4,2,8.0,181.0,2,4000
3,0,3,4,3,3,0,2,1,4,1,1,0,4,2,0,3,2,0,1,2,5,3,1,2,0,6.0,78.11,1,2,1,156.5,76.0,1284,5554,3,2,7.5,152.0,0,3200
0,0,4,4,2,5,0,3,0,4,1,2,1,5,2,1,1,8,0,1,0,5,3,2,2,0,5.5,73.76,1,2,0,148.8,75.8,332,936,4,2,8.6,172.0,0,3000
1,0,5,7,3,5,0,3,1,4,1,2,0,2,1,0,6,8,0,1,2,4,3,1,1,0,5.6,76.28,1,2,1,149.3,70.2,1370,6923,3,2,8.2,154.0,2,3000
1,0,5,7,4,1,0,2,1,4,0,2,1,6,1,1,7,8,0,1,2,5,3,1,2,0,6.0,75.82,1,2,0,159.9,75.7,3069,3080,4,2,8.3,191.0,2,3500
3,0,3,4,2,5,0,2,1,4,1,1,0,5,2,0,1,8,0,1,2,4,3,1,2,0,5.2,68.04,1,2,1,147.9,73.9,50747,275525,3,2,8.9,165.0,0,4000
3,0,4,2,1,4,0,2,1,2,1,2,0,5,3,0,6,8,0,1,0,2,3,2,1,1,6.0,78.77,1,2,1,155.8,75.7,511,3495,3,2,7.8,150.0,0,3360
3,0,4,5,5,6,0,1,1,2,0,0,0,1,2,0,6,8,1,1,0,0,3,1,0,2,2.4,23.6,1,2,2,134.0,56.4,1485,5399,2,4,13.8,58.0,0,2000
1,0,5,4,3,1,0,3,1,4,1,2,0,4,1,0,6,8,0,1,2,5,3,1,1,0,5.6,75.33,1,2,1,149.9,70.8,220,595,3,2,7.7,162.0,2,3000
5,1,0,7,3,6,0,3,0,2,1,2,1,6,3,1,7,0,0,1,1,3,3,3,3,2,6.5,84.89,1,1,2,157.5,77.4,185,901,4,0,7.7,208.0,0,3174
3,0,4,4,2,1,0,1,1,1,1,2,0,4,2,1,1,8,0,1,0,3,3,2,2,0,5.7,75.4,1,2,0,153.8,72.3,1710,2180,3,2,8.3,167.0,0,3000
3,0,4,7,3,1,0,2,1,4,1,2,1,5,2,1,1,8,0,1,0,3,3,2,2,0,6.0,77.63,1,2,0,158.3,75.6,1863,2640,4,2,9.5,186.0,0,3800
5,1,0,7,2,6,0,6,0,2,1,2,1,6,3,1,7,0,0,1,1,3,3,3,1,2,6.1,79.79,1,3,2,150.9,75.7,87,223,4,3,8.3,194.0,0,2942
3,0,5,2,2,5,0,2,1,1,0,2,0,2,1,0,6,2,0,1,2,4,3,1,2,0,5.5,73.13,1,2,1,151.7,75.0,7501,22197,2,2,8.0,167.0,2,3300
3,0,0,4,1,6,0,4,0,1,1,2,1,5,4,0,7,0,0,1,4,6,3,1,1,2,4.0,60.66,0,3,2,123.8,58.6,12486,66162,3,2,7.6,113.0,0,1642
2,0,4,1,4,3,0,3,1,4,1,2,0,5,2,1,0,7,0,1,0,3,3,2,2,0,6.18,82.2,1,3,0,155.5,75.2,16755,111794,4,2,8.8,182.0,2,4000
3,0,3,4,2,3,0,3,1,4,1,1,0,5,2,0,1,3,0,0,2,4,3,1,1,0,5.3,69.0,0,2,1,150.5,74.4,951,4304,1,2,8.0,161.3,0,4000
3,0,4,4,2,4,0,2,1,4,1,2,0,3,5,1,6,8,0,1,0,3,3,2,1,0,6.0,76.68,1,3,1,160.9,75.3,1829,7085,3,1,9.3,197.0,0,5000
3,0,4,7,3,4,0,4,1,4,0,2,0,5,2,0,6,2,0,1,0,4,3,1,2,0,5.5,72.5,1,2,1,151.0,76.0,218020,1268083,2,2,8.4,165.0,2,4100
3,0,0,4,1,4,0,4,0,1,0,2,1,6,3,0,7,0,0,1,4,6,3,1,1,2,4.7,65.47,0,5,2,138.3,67.1,4281,24135,3,0,7.1,143.0,0,1715
6,0,3,4,3,4,0,2,1,4,1,2,0,5,3,0,6,8,0,1,4,4,3,2,1,0,6.22,82.66,1,2,1,155.0,75.0,387,498,4,2,7.7,148.0,0,3260
1,0,5,7,3,5,0,6,0,4,1,2,1,6,5,1,3,7,0,1,2,3,3,3,3,0,5.8,84.57,1,2,0,148.9,68.1,2929,22568,4,2,8.0,155.0,0,3000
3,0,1,7,3,0,0,3,1,4,1,2,0,4,2,0,6,8,0,1,2,5,3,1,2,0,5.9,76.48,1,2,1,156.2,75.2,7864,40785,2,2,7.5,164.0,2,3340
3,0,0,4,1,6,0,5,0,1,1,2,1,6,3,0,7,0,0,1,4,6,3,3,1,1,4.7,65.47,0,3,2,138.3,67.1,6591,29469,3,0,7.1,138.0,0,1960
0,0,4,7,3,0,0,4,0,1,1,2,1,6,2,1,3,3,0,1,0,4,3,3,3,0,5.3,69.19,1,2,0,151.5,73.7,767,979,4,2,7.9,160.0,2,3090
0,0,3,8,0,2,0,2,1,2,0,1,0,3,2,0,6,8,1,1,2,1,3,2,0,1,4.5,61.58,1,2,1,133.6,67.7,1456,6035,3,2,9.5,131.0,0,2150
0,0,5,4,3,4,0,3,0,1,0,2,1,6,5,1,2,2,0,0,2,3,3,3,3,0,5.5,75.94,1,2,1,150.9,72.6,726,3822,3,2,7.7,157.0,2,3600
5,0,3,1,4,6,0,3,1,4,1,2,0,5,2,1,4,4,0,1,2,5,3,2,2,0,6.3,83.84,1,2,1,156.7,74.0,1519,1516,3,2,8.0,169.0,2,3500
3,0,4,7,3,4,0,1,1,4,1,2,0,5,2,1,1,7,0,1,0,3,3,1,1,0,6.4,72.95,1,3,0,174.1,88.7,13273,45792,3,2,7.6,211.0,2,5300
3,0,3,7,3,3,0,2,1,1,1,1,0,4,2,1,1,3,0,1,2,4,3,1,2,0,6.0,71.43,0,2,1,166.4,83.3,407,1686,2,2,9.1,226.0,0,4550
3,0,4,2,1,4,0,1,1,2,1,0,0,1,2,0,6,8,1,0,3,6,0,2,0,2,2.0,71.0,1,2,2,149.0,73.0,16571,79119,0,2,7.7,74.0,0,800
3,0,3,2,1,4,0,3,1,4,1,1,0,3,2,0,6,8,1,1,4,4,3,2,1,1,5.45,73.05,0,2,1,148.0,70.9,2486,16402,2,2,9.6,149.0,0,4000
3,0,3,2,1,5,0,4,1,2,1,1,0,3,2,0,6,8,0,1,4,4,3,2,1,1,5.45,72.95,1,2,1,148.0,71.0,5368,35676,2,2,8.4,138.0,2,3050
6,2,1,1,4,6,0,2,1,1,1,2,1,5,2,1,6,2,0,1,2,6,3,3,2,0,6.1,81.76,1,2,0,155.0,73.9,314,311,3,2,7.8,180.0,0,4000
0,0,0,4,0,6,0,1,0,1,0,2,1,6,3,0,7,0,0,1,4,2,3,2,1,2,4.7,66.14,1,3,2,137.1,67.0,11503,60996,1,2,6.9,129.0,0,1810
0,0,3,4,3,0,0,2,1,1,1,2,0,5,1,0,6,2,0,1,2,4,3,1,2,0,5.7,72.37,1,2,1,156.7,78.8,3640,17237,3,2,8.1,179.0,2,3300
3,0,4,4,3,5,0,3,1,1,0,2,1,3,1,1,2,2,0,0,0,5,3,3,2,0,6.0,75.69,1,2,1,161.7,80.9,1488,4018,3,2,7.9,210.0,2,5000
6,0,4,7,3,5,0,2,1,4,1,2,0,5,2,0,6,8,0,1,0,4,3,2,1,0,6.26,80.64,1,2,1,158.4,76.2,276,2100,3,2,7.7,160.0,2,4000
3,0,4,2,1,4,0,2,1,2,1,2,0,5,2,0,6,7,0,1,0,4,3,2,1,1,5.45,73.61,0,0,1,147.7,70.5,564,562,3,2,8.6,144.0,0,3200
3,0,4,4,3,6,0,3,1,4,1,2,0,5,2,0,2,8,0,1,0,5,3,2,1,0,5.7,77.14,1,2,1,149.3,72.8,2319,11204,3,2,7.9,139.0,0,3000
3,0,3,4,2,5,0,2,0,2,1,1,0,4,3,0,6,8,0,1,2,4,3,1,1,0,5.7,76.21,1,2,1,150.5,73.1,351,1834,3,2,7.7,143.0,0,3180
0,0,3,4,3,3,0,2,1,1,1,2,0,4,2,0,1,4,0,1,2,4,3,1,1,0,5.5,71.65,2,2,1,153.8,75.5,1975,7719,1,2,7.5,154.0,0,3000
3,1,0,7,2,6,0,4,0,1,1,2,1,6,3,1,7,0,0,1,3,6,3,3,2,2,5.5,67.25,1,3,2,158.4,78.1,683,3204,4,0,7.5,202.0,0,2675
1,2,4,7,3,5,0,3,0,4,1,2,1,5,3,1,3,3,0,1,0,6,3,3,3,0,6.3,83.49,1,2,0,158.0,76.7,43,227,4,2,7.9,184.0,0,3430
5,0,1,7,4,1,0,2,1,4,1,2,0,5,2,1,6,1,0,1,2,5,3,2,2,0,6.3,82.98,1,2,0,157.9,74.2,3762,3836,3,2,7.4,176.0,0,3750
3,0,4,7,3,1,0,1,1,4,1,2,0,4,2,1,3,8,0,1,0,4,3,2,2,0,5.99,76.57,1,2,0,158.9,76.1,73,70,4,2,8.4,170.0,2,4000
3,0,3,4,2,0,0,2,1,4,1,1,0,5,2,1,1,10,0,1,2,4,3,1,2,2,5.5,70.95,1,2,1,154.5,75.9,11586,18677,3,2,8.5,180.0,2,4000
3,0,4,2,5,6,0,3,0,2,1,0,0,1,2,0,5,8,1,0,3,6,0,2,0,1,2.4,30.11,1,2,2,118.0,50.2,4403,17021,0,4,13.5,82.6,0,1020
3,0,4,7,4,1,0,1,1,1,1,2,0,4,5,1,1,8,0,1,0,3,3,2,2,0,5.93,74.66,1,2,0,161.0,75.5,97,192,4,2,8.0,168.0,0,3200
5,0,1,7,4,1,0,2,1,4,1,2,0,5,2,0,6,8,0,1,2,6,3,2,2,0,6.5,84.23,1,2,1,160.4,76.6,5179,5197,3,2,7.8,175.0,0,3750
6,0,4,1,4,6,0,1,1,3,1,2,0,5,2,1,1,8,0,1,0,3,3,2,2,0,6.28,84.93,1,2,1,154.4,74.7,289,1386,4,2,7.3,156.2,0,3200
3,0,3,7,3,1,0,2,1,1,1,1,0,4,2,0,3,2,0,1,2,4,3,1,2,0,5.5,72.17,1,2,1,153.3,75.2,9312,50780,1,2,7.3,153.0,0,3200
3,0,4,2,1,4,0,2,1,2,1,2,0,5,2,0,0,8,0,1,0,4,3,1,1,1,5.5,71.36,1,2,1,153.0,76.2,3995,6362,3,2,7.5,150.0,2,3080
3,2,4,1,4,4,0,1,0,4,1,2,0,6,2,1,6,2,0,1,0,3,3,3,2,0,5.99,80.79,0,3,0,151.8,75.5,803,3901,4,2,7.7,185.0,2,3400
5,0,1,1,4,6,0,2,0,4,1,2,0,5,2,1,6,8,0,1,2,5,3,1,2,0,6.3,84.02,1,2,0,157.0,73.7,188,186,3,2,7.3,166.0,0,3750
3,0,4,7,3,1,0,1,1,1,1,2,0,4,2,1,1,8,0,1,0,3,3,2,2,0,5.7,75.4,1,2,0,153.8,72.3,1824,3203,3,2,8.3,167.0,0,3000
3,1,0,7,1,6,0,4,0,1,1,2,1,6,3,1,7,0,0,1,1,6,3,3,1,2,4.7,65.23,1,3,2,138.4,67.3,659,2798,4,0,7.3,148.0,0,1821
3,0,0,4,1,4,0,4,0,1,1,2,1,6,3,0,7,0,0,1,4,6,3,3,2,2,5.5,67.51,0,3,2,158.2,77.9,794,3705,3,0,7.3,192.0,0,2750
0,0,3,4,2,4,0,1,1,2,1,1,0,1,3,0,6,8,0,1,2,4,3,1,1,1,5.2,67.68,1,2,1,149.5,73.5,909,5672,1,2,9.8,170.0,0,5000
3,0,4,4,2,1,0,2,1,4,1,1,0,3,2,0,6,3,0,1,0,4,3,2,2,0,5.0,71.0,0,4,1,149.0,73.0,29,45,3,2,7.7,149.0,0,3000
3,0,4,2,1,2,0,4,1,2,1,0,0,1,2,0,6,8,1,0,3,0,0,1,0,1,2.4,30.26,1,2,1,115.6,51.0,3346,16986,0,2,12.8,149.0,0,1200
3,0,3,2,2,4,0,2,1,2,1,1,0,4,4,0,6,8,0,1,2,4,3,1,1,0,5.2,68.04,1,2,1,148.1,73.8,149,936,1,2,7.6,137.0,0,3010
3,0,4,4,2,4,0,4,1,2,1,2,0,5,2,0,6,10,0,1,0,4,3,1,1,1,5.0,69.86,1,3,1,140.4,70.1,63890,552047,2,2,8.3,137.0,2,3000
0,0,5,4,2,4,0,4,0,1,0,2,1,6,1,1,2,2,0,0,2,6,3,3,3,0,5.1,71.82,1,2,2,142.1,70.1,418,1417,2,2,7.0,132.0,2,2600
3,0,3,2,1,5,0,3,1,2,1,2,0,4,2,0,0,8,0,1,2,4,3,2,1,0,5.2,69.58,1,2,1,146.2,68.6,53,76,4,2,8.7,138.3,0,2990
3,0,4,2,1,6,0,2,1,2,1,0,0,1,2,0,5,8,1,0,3,6,0,2,0,1,2.4,30.11,1,2,3,118.0,50.2,2986,15173,0,4,13.5,81.0,0,1020
3,0,3,2,1,5,0,2,1,2,1,2,0,4,3,0,6,8,0,1,2,4,3,2,1,0,5.7,76.21,1,2,1,150.5,73.1,11,44,3,2,7.7,143.0,0,3180
3,0,1,7,3,0,0,3,1,4,1,1,0,5,2,0,6,2,0,1,2,4,3,2,2,0,5.65,75.88,1,2,1,151.0,71.9,10921,68060,3,2,7.6,149.0,2,3000
3,0,7,2,1,5,0,2,1,2,1,2,0,4,3,0,6,8,0,1,2,4,3,2,1,1,5.45,73.64,1,2,1,146.2,71.2,50,50,2,1,9.7,150.0,0,3000
3,0,4,7,4,1,0,2,1,1,0,2,1,5,1,1,6,2,0,1,0,5,3,1,2,0,6.0,75.32,1,2,0,162.9,80.7,988,4183,3,2,6.9,188.0,2,4000
3,0,4,2,5,2,0,2,1,2,0,0,0,1,2,0,5,8,1,0,3,6,0,1,0,2,2.8,33.3,1,2,2,126.8,57.5,3679,19774,0,2,11.9,105.0,0,1200
3,0,3,2,1,5,0,1,1,4,1,1,0,3,3,0,6,8,0,1,2,4,3,2,1,1,5.7,76.61,1,2,1,152.0,72.0,6640,8614,1,2,9.0,150.0,0,4000
3,0,4,4,2,1,0,1,1,1,1,1,0,4,2,0,2,7,0,0,0,4,3,1,1,0,5.2,68.42,1,2,3,149.1,72.9,2379,8017,2,2,7.6,147.0,0,2900
3,0,3,4,2,4,0,3,1,1,1,1,0,3,4,1,6,8,0,1,2,4,3,1,1,1,5.5,69.26,1,3,1,155.0,77.5,86804,452424,3,2,9.5,198.0,0,5000
3,0,3,4,2,5,0,2,0,4,1,1,1,5,1,1,6,8,0,1,2,5,3,2,2,0,6.2,79.74,1,2,0,160.1,77.7,310,1336,3,2,8.4,172.0,2,3300
3,0,4,8,0,4,0,3,0,2,1,2,0,4,2,0,1,8,0,0,0,2,3,1,1,1,5.0,67.2,1,2,1,143.5,71.3,1690,6763,2,2,9.3,149.0,0,4100
0,0,4,7,4,1,0,2,1,1,1,2,1,5,2,1,1,3,0,1,0,3,3,2,2,0,5.2,68.32,1,2,0,148.3,73.4,2192,12584,4,2,7.9,163.0,0,3000
3,0,4,2,1,4,0,3,1,2,1,1,0,4,4,0,2,1,0,1,0,2,3,1,1,1,5.0,67.68,1,2,1,143.1,71.0,2616,10997,1,2,7.6,136.0,0,2630
1,0,4,1,5,6,0,3,1,4,0,2,1,4,2,1,6,8,0,1,0,6,3,1,2,0,6.3,80.86,0,2,0,162.5,77.0,59,127,4,2,7.8,183.0,0,3800
5,2,4,1,5,1,0,3,0,3,1,2,1,5,2,1,4,4,0,1,0,5,3,3,2,0,6.41,85.43,1,2,0,157.5,74.8,7408,7407,4,2,8.2,185.0,0,3700
3,0,4,5,1,4,0,3,1,2,1,0,0,1,2,0,6,8,1,0,3,6,0,2,0,1,1.8,18.39,1,2,2,112.0,49.5,5808,27475,3,2,14.4,73.0,0,800
3,0,3,7,3,1,0,3,1,1,1,1,0,5,2,1,0,7,0,1,2,4,3,1,2,0,5.5,70.39,1,2,1,154.5,76.5,1664,5675,1,2,8.5,182.0,0,4010
3,0,3,4,2,1,0,2,1,4,1,1,0,4,2,0,6,2,0,1,2,4,3,1,2,0,6.0,78.11,1,2,1,156.5,76.0,1245,7356,3,2,7.5,152.0,0,3200
3,0,3,4,2,5,0,4,1,2,0,2,1,5,2,1,2,5,0,1,2,6,3,1,1,0,5.0,70.78,1,2,0,145.0,67.0,1785,5576,3,2,8.0,143.0,2,2300
6,0,3,7,3,6,0,3,1,4,1,2,0,3,2,1,6,8,0,1,4,4,3,2,1,0,6.2,81.62,1,2,1,156.8,75.6,10,29,4,2,7.8,149.0,0,3750
5,0,4,1,4,5,0,2,1,4,1,2,1,5,1,1,3,8,0,1,0,5,3,3,3,0,6.1,82.74,1,2,0,153.2,71.9,544,1906,4,2,7.9,162.0,2,3000
0,0,4,4,2,5,0,5,1,1,0,2,1,5,2,0,1,3,0,1,0,5,3,1,2,0,5.5,71.27,1,2,1,154.0,75.8,12737,16062,2,2,7.8,169.0,0,3000
3,0,4,2,1,5,0,2,1,2,1,2,0,5,2,0,6,7,0,1,0,4,3,1,1,0,5.2,69.59,1,2,0,146.0,73.2,1689,7868,3,2,8.8,154.0,0,2620
0,0,4,7,3,1,0,2,0,1,1,1,0,5,2,1,3,2,0,1,0,5,3,3,2,0,6.0,74.9,1,2,1,163.6,80.8,5906,27174,2,2,7.3,185.0,0,4000
3,2,4,7,3,5,0,3,0,4,1,2,1,6,3,1,3,3,0,1,0,6,3,3,2,0,5.5,78.62,1,2,0,145.6,68.2,101,530,4,2,7.9,148.0,0,2915
3,0,3,8,0,4,0,3,1,4,1,1,0,3,2,0,6,8,1,1,2,1,3,2,0,1,5.45,73.46,1,2,1,148.0,70.5,6,4,1,2,8.2,149.0,0,2400
6,0,4,7,3,5,0,2,1,4,1,2,0,5,2,0,6,8,0,1,0,4,3,2,1,0,6.26,80.8,1,2,1,158.7,75.9,133,130,3,2,7.9,167.0,0,4000
3,0,4,2,1,4,0,1,1,2,1,0,0,1,2,0,6,8,1,0,3,6,0,2,0,1,1.5,14.93,1,2,1,108.0,45.0,5467,26637,3,2,12.0,66.0,0,800
3,0,4,4,2,4,0,3,1,4,0,2,0,5,2,0,7,9,0,1,0,5,3,1,2,2,5.5,72.98,1,2,1,150.0,76.0,72476,175915,2,2,8.6,164.0,2,4050
3,0,4,4,2,5,0,2,1,2,1,2,0,5,2,0,6,7,0,1,0,4,3,1,1,0,5.2,69.59,1,2,0,146.0,73.2,1343,5073,3,2,8.8,154.0,0,2620
3,0,4,2,1,4,0,2,1,2,0,2,0,2,3,0,5,2,1,0,0,4,3,1,1,1,5.5,70.72,1,2,1,151.8,77.5,15797,15866,2,2,8.2,171.0,2,3000
0,0,4,2,2,4,0,3,1,2,1,1,0,4,4,0,6,8,0,1,0,4,3,2,1,0,5.2,68.04,0,2,1,148.1,73.8,749,9831,3,2,7.6,137.0,0,3000
3,0,1,1,4,0,0,2,0,1,1,2,1,5,2,1,6,11,0,1,2,5,3,1,2,0,5.99,78.74,1,2,0,157.0,74.9,2334,2343,3,2,6.9,172.0,2,3750
3,0,5,4,1,4,0,3,1,1,0,2,0,4,1,0,5,8,0,0,2,6,3,1,2,0,5.7,73.64,1,2,3,158.0,76.8,454,1516,2,2,5.9,151.0,2,3050
3,0,3,4,2,4,0,3,1,4,1,1,0,3,2,0,6,8,1,1,4,4,3,2,1,1,5.45,73.05,0,2,1,148.0,70.9,272,1790,2,2,9.6,149.0,0,4000
3,0,5,4,3,4,0,3,0,1,0,2,1,7,5,1,2,2,0,0,2,3,3,3,3,0,5.1,72.18,1,2,1,142.4,69.6,5991,31362,3,2,7.9,152.0,2,3000
3,2,3,7,4,5,0,1,1,5,1,2,0,5,3,1,2,11,0,0,2,6,2,3,2,0,6.0,68.38,0,2,0,169.4,80.2,7,7,2,2,15.8,330.0,0,13000
3,0,4,4,2,1,0,1,1,4,1,2,0,4,2,0,6,8,1,1,0,4,3,1,1,1,5.7,75.56,1,2,1,152.0,73.0,3662,6676,2,2,9.0,159.0,0,2900
0,0,0,1,2,6,0,5,0,1,1,2,1,6,3,0,7,0,0,1,4,6,3,3,2,1,5.5,67.51,1,3,2,158.2,77.9,1240,2798,3,0,7.3,188.0,0,2900
3,0,3,2,1,5,0,2,1,4,1,1,0,3,2,0,6,8,0,1,4,2,3,2,0,1,5.34,71.0,0,2,1,149.0,73.0,2,21,2,2,7.7,149.0,0,3000
3,2,4,7,3,1,0,3,1,1,0,2,1,5,2,1,3,0,0,1,0,3,3,3,3,1,5.7,69.04,1,2,0,162.4,79.7,68,296,3,2,7.9,161.0,0,3000
3,0,4,7,3,3,0,1,0,1,1,2,0,5,2,1,3,4,0,1,0,5,3,1,2,0,5.5,73.73,1,2,1,152.5,74.0,1064,4516,1,2,7.2,158.6,0,3055
8,0,4,2,5,2,0,5,0,2,1,0,0,1,5,0,6,8,0,0,3,0,0,2,0,1,2.8,35.3,1,2,3,124.0,55.5,1786,6475,0,2,10.4,100.6,0,1200
3,0,3,4,3,1,0,3,1,1,1,1,0,4,2,1,6,8,0,1,3,4,3,1,2,0,5.5,73.03,1,2,1,151.5,75.2,6,5,1,2,7.7,155.0,0,4000
3,0,4,4,2,5,0,3,1,4,0,1,0,4,2,0,6,3,0,1,0,4,3,1,2,0,5.0,68.93,1,2,1,141.9,70.3,54298,230978,3,2,9.3,145.0,0,4000
3,0,3,2,1,4,0,2,1,2,1,1,0,3,2,1,0,8,1,1,4,2,3,2,1,1,5.45,74.53,0,2,1,146.5,70.2,346,833,1,2,8.7,139.0,0,3000
6,0,3,4,1,5,0,3,1,4,1,2,0,3,2,0,6,8,0,1,4,4,3,2,1,1,6.2,71.0,1,2,2,149.0,73.0,5,24,2,2,7.7,149.0,0,3750
3,0,6,8,5,4,0,3,1,2,0,2,0,2,3,0,5,2,1,0,2,2,3,1,1,1,5.0,67.91,1,2,1,142.4,71.1,976,3465,2,2,8.0,138.0,0,2600
0,0,3,4,3,5,0,3,1,4,0,1,0,4,3,0,7,3,0,1,2,4,3,1,2,0,5.5,72.31,1,2,1,152.0,75.7,53081,259819,2,2,8.4,165.0,2,3500
3,0,4,2,1,4,0,2,1,2,0,1,0,4,4,0,5,3,0,0,0,2,3,1,0,1,5.0,66.69,1,2,1,143.8,71.7,1176,3808,1,2,7.5,157.0,0,2350
3,0,4,8,0,6,0,4,1,2,0,1,0,1,2,0,6,8,1,1,3,0,3,1,0,1,4.0,57.63,1,2,3,122.9,64.3,447,1301,1,1,10.5,118.0,0,1400
0,0,5,2,2,4,0,3,1,1,0,2,1,4,1,1,2,2,0,0,2,4,3,3,2,0,5.5,74.11,1,2,1,151.5,74.1,625,1713,2,2,7.3,169.0,2,3300
3,0,3,7,3,5,0,2,0,4,1,1,1,5,1,1,6,8,0,1,2,5,3,2,2,0,6.2,79.74,1,2,0,160.1,77.7,188,710,3,2,8.4,172.0,2,3300
3,0,4,7,4,5,0,2,1,4,1,1,0,3,3,0,6,3,0,1,0,4,3,1,2,0,5.5,72.6,1,2,0,152.4,75.2,590,670,2,2,8.4,175.0,0,4000
3,0,4,2,5,2,0,3,1,2,1,0,0,1,2,0,6,8,1,0,3,0,0,1,0,1,2.4,29.59,1,2,1,117.5,51.3,1031,6931,0,4,11.9,91.0,0,1200
3,0,3,5,5,2,0,2,1,2,1,1,0,3,2,0,6,8,1,0,2,1,1,2,0,1,4.0,59.24,1,2,3,123.0,62.5,34,225,1,2,8.7,124.0,0,1700
3,0,4,2,1,4,0,3,1,2,1,0,0,1,2,0,6,8,1,0,3,6,0,2,0,1,1.8,21.14,1,2,3,106.0,45.5,3041,18871,0,2,13.9,68.0,0,1020
3,0,4,2,1,4,0,2,1,1,1,2,0,4,3,1,1,0,0,0,0,5,3,1,2,0,5.5,71.55,1,3,1,153.0,76.0,52982,53751,3,2,9.8,155.0,0,3000
0,0,4,2,1,0,0,2,1,2,1,1,0,3,3,0,6,8,0,1,0,2,3,2,1,1,5.0,65.95,0,2,1,145.2,71.8,1802,6337,2,2,9.6,156.0,0,3020
3,0,3,7,3,3,0,3,1,1,1,2,0,4,2,0,1,4,0,1,2,4,3,1,1,0,5.5,71.65,1,2,1,153.8,75.5,3221,15266,1,2,7.5,154.0,0,3000
3,0,4,1,3,4,0,4,1,4,1,2,1,6,3,1,3,8,0,1,0,5,3,3,3,0,6.0,81.22,1,2,0,151.7,75.4,800,799,4,2,7.3,158.0,2,3300
3,0,4,4,2,4,0,3,1,2,0,2,0,5,3,0,1,3,0,1,0,4,3,1,2,1,5.5,79.05,1,2,1,142.5,69.3,7004,8111,3,2,8.1,149.0,2,3000
3,0,3,4,2,5,0,1,1,4,1,1,0,3,3,0,6,8,0,1,4,4,3,2,1,1,5.7,75.67,1,2,1,152.0,72.9,92,123,1,2,7.7,147.0,0,3000
3,0,4,0,1,4,0,1,1,2,1,0,0,1,2,0,6,8,1,0,3,6,0,2,0,1,1.5,14.93,1,2,1,108.0,45.0,11314,65637,3,2,13.6,65.0,0,800
3,0,5,2,1,4,0,2,1,1,0,2,0,3,3,0,6,2,0,0,2,4,3,1,1,1,5.0,69.28,1,2,3,142.8,69.5,533,1296,3,2,8.1,143.0,0,2400
3,0,3,2,0,4,0,1,1,2,1,1,0,3,3,0,6,8,0,1,2,1,3,2,1,1,5.2,67.68,1,2,1,149.5,73.5,103,446,1,2,9.8,170.0,0,5000
5,1,0,3,3,6,0,3,0,2,1,2,1,6,3,1,7,0,0,1,1,3,3,3,3,2,6.5,84.89,1,1,2,157.5,77.4,185,901,4,0,7.7,208.0,0,3174
3,0,4,1,5,5,0,2,0,4,1,2,0,4,2,1,6,0,0,1,0,6,3,2,2,0,6.0,78.45,1,2,0,158.1,74.9,5,5,4,2,9.5,185.0,0,3800
3,0,4,4,2,5,0,2,1,1,0,2,1,5,4,1,3,0,0,0,0,5,3,3,3,0,5.5,70.12,1,2,0,153.5,77.3,27,31,2,2,8.0,174.0,0,3200
3,0,4,4,2,5,0,2,1,4,1,2,0,4,2,0,6,0,0,1,0,4,3,2,1,0,6.0,76.66,1,2,1,158.2,76.6,95,93,3,2,8.4,157.5,0,2965
3,0,3,8,0,4,0,2,1,2,1,1,0,3,2,0,0,8,1,1,2,1,3,2,0,1,4.5,61.95,1,4,1,135.0,66.6,152,492,1,2,9.7,140.0,0,2000
3,0,4,2,1,6,0,2,1,2,1,0,0,1,2,0,6,8,1,0,3,6,0,2,0,1,2.0,71.0,1,2,2,149.0,73.0,2218,10539,0,2,7.7,149.0,0,1000
6,0,4,7,3,1,0,2,1,4,1,2,0,5,2,0,6,8,0,1,0,4,3,2,2,0,6.3,84.91,0,4,1,154.8,75.0,893,890,3,2,7.8,150.0,0,3260
0,0,5,8,0,2,0,3,1,2,0,2,0,3,3,0,5,2,1,0,2,1,3,1,0,1,4.7,64.51,1,0,1,136.5,69.0,3602,20241,2,2,8.4,130.0,1,2000
3,0,3,4,2,5,0,2,1,4,1,1,0,3,2,0,6,8,0,1,2,4,3,2,1,1,5.7,71.0,1,2,1,149.0,73.0,10,15,1,2,7.7,149.0,0,4000
0,0,3,2,2,4,0,2,1,4,0,2,1,5,3,0,1,1,0,0,2,4,3,1,2,0,5.5,70.81,1,2,1,153.6,76.5,29842,31508,1,2,9.15,160.0,2,3300
0,0,4,7,3,4,0,2,1,1,1,2,1,5,3,1,1,7,0,1,0,3,3,2,2,0,5.5,69.9,1,2,0,156.2,76.2,2158,9983,3,2,5.9,145.0,0,3000
0,0,5,2,1,4,0,3,1,1,0,2,1,5,1,1,2,2,0,0,2,4,3,3,2,0,5.2,72.34,1,2,1,144.8,71.0,571,2220,2,2,7.3,153.0,2,2900
3,0,3,7,3,1,0,4,1,2,1,2,1,4,2,1,2,5,0,1,2,6,3,1,2,0,6.0,75.96,1,2,0,165.0,79.0,398,1207,3,2,8.1,188.0,0,2700
3,0,4,7,3,4,0,4,0,2,1,1,1,5,3,0,1,3,0,1,0,4,3,1,2,1,5.5,79.05,1,2,1,142.5,69.3,254,968,3,2,8.1,149.0,2,3000
0,0,5,7,3,0,0,2,1,1,0,2,0,2,1,0,6,8,0,1,2,4,3,2,2,0,5.5,73.13,1,2,1,151.7,75.0,4511,4508,2,2,8.0,170.0,2,3300
3,0,4,4,2,2,0,1,1,2,1,2,0,4,2,0,1,1,0,0,0,4,2,3,3,1,4.5,56.52,1,2,2,128.0,90.3,547,1099,1,2,9.3,196.0,2,3450
3,0,4,2,1,4,0,2,1,2,0,2,0,4,2,0,2,1,0,1,0,4,3,1,1,1,5.5,68.82,0,2,1,156.0,77.5,22828,113675,1,2,10.5,202.0,0,5000
3,0,6,8,0,2,0,2,1,2,0,1,0,3,2,0,0,8,1,1,2,1,3,1,0,1,4.0,59.67,1,2,1,120.0,63.6,815,6390,1,2,10.0,149.0,0,1600
0,0,4,2,1,4,0,3,0,2,1,2,1,2,1,0,5,2,1,0,0,4,3,1,1,1,5.2,70.55,1,2,1,145.8,72.3,18465,103721,2,2,8.1,158.0,0,3100
3,0,4,2,1,5,0,4,1,1,0,2,1,5,2,0,0,3,0,1,0,4,3,2,1,0,5.2,68.52,1,2,1,149.7,72.5,241,849,2,2,8.0,160.0,0,3000
3,0,3,4,2,5,0,2,1,4,1,1,0,3,3,0,6,8,0,1,4,4,3,2,1,1,5.45,73.75,1,2,2,146.8,70.8,660,4803,3,2,9.8,160.0,2,4000
0,0,0,2,0,6,0,3,0,1,0,2,1,6,3,0,7,0,0,1,4,2,3,2,1,2,4.7,65.66,1,3,2,138.1,67.0,14663,83030,1,2,6.9,129.0,0,1810
0,0,4,7,4,4,0,1,0,1,1,1,1,6,3,1,7,7,0,0,0,3,3,2,3,2,5.5,70.26,1,2,0,155.8,76.0,625,2774,4,2,6.1,143.0,2,2730
3,0,4,4,2,4,0,2,1,2,1,2,0,5,2,0,6,7,0,1,0,4,3,2,1,1,5.45,73.61,0,2,1,147.7,70.5,564,562,3,2,8.6,144.0,0,3200
3,0,6,2,1,4,0,3,1,2,0,2,1,2,3,0,6,2,1,1,2,2,3,1,1,1,5.0,68.06,2,2,1,142.3,71.0,18462,135815,1,2,7.9,138.0,2,2600
3,0,0,2,1,4,0,4,0,1,0,2,1,6,3,0,7,0,0,1,4,6,3,1,1,2,4.7,65.47,0,3,2,138.3,67.1,2079,8031,3,0,7.1,143.0,0,1715
3,0,3,7,3,0,0,2,1,4,1,1,0,3,2,0,6,8,0,1,2,4,3,2,1,0,5.7,76.11,0,2,1,153.0,72.0,269,438,1,2,9.0,177.0,0,4000
3,0,3,7,3,3,0,2,1,4,1,1,0,3,2,0,6,8,0,1,2,5,3,2,1,0,6.0,77.28,1,2,1,158.6,75.8,28,25,3,2,7.3,150.0,0,3750
3,0,4,2,1,6,0,1,1,2,1,0,0,1,2,0,6,8,1,0,3,6,0,2,0,1,2.4,71.0,1,2,1,149.0,73.0,699,3295,0,2,7.7,149.0,0,8000
3,0,4,7,3,4,0,4,1,4,1,2,0,5,2,0,0,8,0,1,0,3,3,1,2,0,5.99,77.48,1,3,1,158.5,75.4,38731,315500,3,2,8.0,180.0,2,4000
6,0,4,4,2,1,0,3,1,4,1,1,0,5,2,0,6,8,0,1,0,4,3,2,1,0,6.2,81.99,1,2,2,156.7,75.3,217,1362,3,2,8.3,150.0,0,4000
3,1,0,3,2,6,0,2,0,2,1,2,1,6,3,1,7,0,0,1,1,3,3,0,3,2,5.8,80.93,1,3,2,143.6,70.9,1436,5212,4,0,7.7,174.0,0,2716
5,1,0,1,2,6,0,6,0,2,1,2,1,6,3,1,7,0,0,1,1,3,3,3,1,2,6.1,79.79,1,3,2,150.9,75.7,87,223,4,0,8.3,194.0,0,2942
3,0,5,2,2,4,0,3,1,2,1,2,1,3,1,0,5,2,1,1,2,4,3,1,2,0,5.5,72.16,1,2,1,151.7,76.0,18941,82952,2,2,7.8,169.0,2,3300
0,0,5,2,1,4,0,2,1,2,0,2,0,2,3,0,5,3,1,0,2,2,3,1,1,1,5.0,67.02,1,2,1,142.3,72.1,12773,12771,2,2,8.5,149.0,0,2600
3,0,4,4,2,1,0,2,1,2,1,2,0,4,2,0,1,3,0,1,0,4,3,1,1,0,5.5,71.65,1,2,1,153.8,75.5,875,4328,1,2,7.6,155.0,0,3000
3,0,3,2,3,4,0,1,1,2,0,1,0,4,2,0,1,8,1,0,4,4,3,1,2,0,5.5,71.0,1,2,1,149.0,73.0,1084,2194,2,2,7.7,149.0,0,3000
0,0,3,4,2,5,0,3,1,4,1,2,1,5,4,1,0,8,0,1,2,4,3,2,1,1,5.5,71.11,1,2,0,150.0,78.0,36,159,3,2,9.8,178.0,2,3300
0,0,1,4,3,5,0,3,0,4,0,2,1,5,4,1,1,7,0,0,2,3,3,1,2,0,5.2,71.99,1,2,0,145.5,71.0,1609,3698,3,2,7.4,153.0,2,3000
3,0,4,8,0,2,0,3,1,4,1,1,0,1,2,0,6,8,1,1,2,1,3,1,0,1,5.0,63.99,1,2,1,146.0,73.6,1,1,1,2,9.3,149.0,0,2400
3,0,3,4,2,4,0,3,1,1,1,1,0,3,4,0,6,8,0,1,2,4,3,1,1,1,5.0,66.97,1,2,3,144.2,71.2,867,3893,1,2,9.2,163.0,0,4000
6,0,3,1,4,6,0,2,1,4,1,1,0,5,2,0,3,3,0,1,2,5,3,2,2,0,6.23,82.06,1,2,1,156.0,75.3,1026,2854,3,2,7.8,158.0,0,3400
3,0,3,7,3,5,0,2,1,4,1,1,0,3,3,0,6,8,0,1,2,4,3,1,1,0,5.2,69.31,1,2,3,147.6,72.7,699,2000,1,2,7.9,162.0,2,3000
3,0,3,2,1,4,0,1,1,4,1,1,0,3,2,0,6,8,1,1,2,2,3,2,1,1,5.45,73.46,0,2,1,148.0,70.5,8,39,1,2,8.2,149.0,0,2400
0,0,4,4,3,5,0,3,1,4,0,2,1,7,2,1,2,11,1,1,0,5,3,3,3,0,5.3,69.98,1,2,2,149.4,73.9,168,419,3,2,7.3,159.0,2,2800
3,0,4,2,1,4,0,2,1,2,0,2,0,4,2,0,1,3,0,0,0,4,3,1,1,1,5.0,66.83,0,3,3,142.1,72.4,21609,185384,1,2,11.6,155.0,0,2470
3,0,3,7,2,5,0,1,1,4,0,1,1,5,2,0,1,11,0,0,4,6,3,3,3,0,6.0,73.36,1,2,3,164.0,82.3,66,193,1,2,9.6,207.0,0,3520
0,0,3,4,2,4,0,2,1,2,0,1,0,4,2,0,7,3,0,0,2,2,3,1,1,1,5.0,68.79,1,2,1,143.0,69.9,486,1843,1,2,8.5,181.0,0,4000
0,0,4,7,3,1,0,2,1,1,1,2,1,5,2,1,1,3,0,0,0,3,3,1,2,0,5.2,68.32,1,2,0,148.3,73.4,3904,19244,4,2,7.9,163.0,0,3000
3,2,4,7,4,4,0,4,0,4,1,2,1,6,3,1,3,5,0,1,0,6,3,1,2,0,5.7,76.11,1,2,0,153.0,72.0,5,5,4,2,11.1,198.0,2,3180
0,0,6,2,1,4,0,3,1,2,0,2,0,2,3,0,6,2,1,0,2,2,3,1,1,1,5.0,67.91,1,2,1,142.4,71.1,3637,6445,2,2,8.0,138.0,2,2600
3,0,3,4,2,5,0,3,1,4,1,2,0,4,2,0,1,8,0,1,2,5,3,2,2,0,5.5,73.08,1,2,1,151.1,70.7,13,17,3,2,8.2,149.0,0,3000
3,0,4,4,2,4,0,3,1,4,0,2,0,5,2,0,6,2,0,1,0,4,3,1,2,0,5.5,72.5,1,2,1,151.0,76.0,112769,616259,2,2,8.4,165.0,2,4100
3,0,4,7,5,5,0,1,1,2,0,1,1,4,2,1,1,8,0,0,0,3,3,2,3,0,5.7,72.56,1,2,1,158.5,77.7,7,6,3,2,8.0,197.0,0,4000
3,0,3,2,0,4,0,3,1,2,0,1,0,3,2,0,7,8,1,0,2,2,3,2,0,1,5.0,65.63,0,4,3,144.7,72.4,2915,18466,1,2,10.1,161.0,2,2500
0,0,3,7,3,1,0,2,0,1,0,1,0,4,2,1,2,3,0,1,2,4,3,1,2,0,5.5,73.77,1,2,1,151.8,74.3,617,1446,1,2,6.6,145.0,2,2850
3,0,4,4,3,5,0,3,1,0,0,1,0,4,3,0,6,3,0,1,0,5,3,1,2,0,5.5,72.5,1,2,1,151.0,76.0,1640,7258,3,2,8.4,169.0,0,4000
0,0,4,7,3,5,0,1,1,1,1,1,0,3,3,0,6,8,0,1,0,4,3,2,2,0,5.5,70.85,1,2,1,153.7,76.4,114,721,1,2,8.6,170.0,0,4070
3,0,3,7,3,5,0,3,1,2,1,2,0,4,3,0,6,8,0,1,2,4,3,2,1,0,5.7,76.21,1,2,1,150.5,73.1,954,7893,3,2,7.7,143.0,0,3180
3,0,3,4,2,5,0,2,0,4,1,2,0,5,1,1,6,8,0,1,2,4,3,2,2,0,5.5,78.34,1,2,0,143.8,69.3,39,37,3,2,8.4,145.0,2,3000
3,0,0,1,1,6,0,5,0,1,1,2,1,6,3,0,7,0,0,1,4,6,3,3,1,1,4.7,65.47,0,3,2,138.3,67.1,4035,6349,3,0,7.1,138.0,0,1960
3,0,4,8,0,2,0,2,1,2,0,1,0,3,2,0,6,8,0,1,3,1,3,1,0,1,4.0,60.68,1,2,3,118.0,63.6,146,397,1,2,9.7,100.0,0,2300
0,0,5,4,2,4,0,3,1,2,1,2,0,2,3,0,6,8,1,1,2,4,3,1,1,1,5.5,71.04,1,2,1,151.7,77.2,406,2266,3,2,8.1,175.0,2,3000
3,0,4,4,2,5,0,2,1,4,1,2,0,4,3,1,6,8,0,1,0,4,3,2,1,0,5.7,75.21,1,2,1,154.4,72.2,1506,9507,3,2,9.0,175.0,0,4000
3,0,3,2,2,5,0,2,1,4,1,1,0,3,2,0,6,8,1,0,2,2,3,1,1,1,5.0,65.95,1,2,1,144.0,72.4,11,34,1,2,8.3,149.0,0,2700
3,0,3,8,0,4,0,1,1,2,1,1,0,1,2,0,6,8,1,1,2,1,3,1,0,1,4.5,60.9,1,2,1,136.5,67.0,5,28,1,2,9.6,130.0,0,2000
7,0,4,7,3,5,0,3,1,2,1,2,1,5,3,1,1,8,0,1,0,4,3,2,2,0,4.5,56.02,1,2,0,150.2,71.8,22,19,4,1,8.3,156.0,2,3000
3,0,3,2,1,5,0,4,0,2,0,2,1,4,2,1,7,5,0,0,2,4,3,1,1,0,5.0,71.68,1,2,3,143.6,66.8,2103,4997,2,2,7.9,137.4,0,2300
3,0,3,4,2,4,0,3,1,4,1,1,0,3,3,0,6,8,0,1,2,4,3,2,1,1,5.2,66.64,0,2,1,150.0,74.4,227,742,0,2,9.0,170.0,0,2800
3,0,3,4,2,0,0,3,1,4,1,1,0,3,2,0,1,8,0,1,2,4,3,2,1,1,5.65,76.13,1,2,1,152.2,71.1,72,380,1,2,7.7,172.0,0,3050
5,1,0,6,3,6,0,3,0,2,1,2,1,6,3,1,7,0,0,1,1,3,3,3,3,2,6.5,84.89,1,1,2,157.5,77.4,185,901,4,0,7.7,208.0,0,3174
3,0,4,7,3,1,0,2,1,4,1,2,0,5,2,0,0,8,0,1,0,4,3,1,1,0,5.5,71.36,1,3,1,153.0,76.2,15438,15943,3,2,7.7,153.0,2,3080
3,0,4,2,1,6,0,2,1,2,1,0,0,1,2,0,6,8,0,0,3,6,0,2,0,1,2.8,33.05,1,2,1,130.0,56.5,387,1310,0,2,15.2,149.0,0,2800
3,0,3,2,1,4,0,1,1,2,1,1,0,4,2,0,7,8,0,1,4,2,3,2,0,1,5.45,71.55,0,2,2,148.8,72.0,511,4405,2,2,9.1,145.0,2,2500
3,0,3,7,3,1,0,2,1,4,1,1,0,5,2,1,6,8,0,1,2,5,3,2,2,0,5.93,76.58,1,2,1,158.0,75.0,51,203,3,2,8.4,190.0,0,4000
3,0,4,4,2,5,0,1,1,4,0,2,0,3,4,0,0,3,0,0,0,4,3,1,1,0,5.0,67.44,2,2,1,143.6,71.0,870,2773,2,2,7.5,138.0,0,2550
3,0,3,4,2,4,0,2,1,2,1,2,0,3,4,0,6,0,0,1,4,4,3,2,1,1,5.5,74.25,1,2,1,148.5,70.8,73,70,3,2,8.2,137.0,0,2730
3,0,4,2,2,4,0,2,1,2,1,2,0,5,3,0,1,8,0,1,0,4,3,2,1,1,5.2,68.98,0,2,1,147.9,72.9,879,3604,3,2,7.5,142.0,0,2730
3,0,2,4,3,4,0,3,0,2,1,2,1,5,2,1,1,3,0,0,4,4,3,2,2,1,5.5,70.67,1,3,3,152.5,77.2,3140,13407,1,2,10.9,170.0,2,3000
3,0,3,2,0,4,0,1,1,2,1,1,0,3,2,0,6,8,1,1,2,1,3,2,1,1,5.0,65.18,1,2,1,144.5,73.0,63,409,1,2,9.0,150.0,0,2500
3,0,4,7,3,4,0,3,0,0,1,2,1,6,1,1,2,7,1,1,0,5,3,3,3,1,5.7,71.73,1,2,1,159.5,78.1,550,1169,3,2,7.6,174.0,2,3200
3,0,5,4,2,1,0,2,1,1,0,2,1,6,1,1,6,2,0,1,2,5,3,1,2,0,5.7,73.44,1,2,0,156.8,77.6,290,477,3,2,7.9,186.0,2,3600
3,0,3,2,2,1,0,3,0,2,1,2,1,4,3,0,7,7,0,0,2,6,3,1,2,0,6.0,75.95,1,2,3,164.2,79.4,818,1883,2,3,8.4,202.0,0,2700
2,0,4,3,5,3,0,1,1,4,1,2,0,5,2,1,0,7,0,1,0,3,3,2,2,0,6.18,81.77,1,3,0,155.7,75.5,793,5369,4,2,8.9,187.0,2,4000
3,0,4,4,1,4,0,3,0,4,1,2,1,6,2,1,1,6,0,0,0,6,3,2,2,2,5.2,69.69,1,2,1,147.0,72.6,630,2737,3,2,7.9,136.0,0,2700
3,0,3,2,1,5,0,3,1,2,1,1,0,3,2,0,6,8,1,1,2,2,3,1,1,1,5.2,66.64,1,2,1,150.0,74.4,3440,12951,1,2,9.0,158.0,0,3000
0,0,3,7,3,5,0,3,1,4,0,2,0,5,2,1,0,3,0,1,2,5,3,1,2,0,5.5,73.03,1,2,0,151.3,75.3,13580,63398,2,2,7.8,163.0,0,3050
3,0,1,4,2,5,0,3,1,4,0,2,1,5,4,1,6,1,0,0,2,3,3,1,2,0,5.2,72.34,1,2,1,145.0,70.9,283,846,3,2,6.9,144.0,0,3000
3,0,3,2,1,0,0,3,1,4,1,1,0,3,2,0,6,8,0,1,4,4,3,1,1,1,5.5,71.0,0,2,1,149.0,73.0,19,119,3,1,7.7,149.0,0,3050
3,0,6,2,1,4,0,3,1,2,0,1,0,2,2,0,6,8,1,1,3,2,3,2,1,1,5.45,72.39,1,2,1,148.3,71.4,37,34,0,2,8.9,149.5,0,2800
0,0,3,4,2,5,0,3,1,4,0,1,0,4,3,0,7,3,0,1,2,4,3,1,2,0,5.5,72.31,1,2,1,152.0,75.7,24793,123181,2,2,8.4,165.0,2,3500
3,0,3,2,1,4,0,3,1,2,0,2,0,3,3,1,5,1,0,0,2,6,3,1,1,1,5.0,66.92,1,2,3,143.1,71.8,5191,24667,1,2,9.7,160.0,2,4000
3,0,4,8,5,4,0,2,1,2,1,0,0,1,2,0,6,8,1,0,3,6,0,2,0,1,1.4,13.19,1,2,1,107.0,44.8,3545,26218,0,2,14.3,70.0,0,800
3,0,6,8,0,4,0,1,1,2,1,2,0,2,3,0,6,2,1,1,2,1,3,1,0,1,4.5,62.67,1,2,1,132.9,69.2,229,895,1,1,10.3,143.0,0,2050
3,0,4,4,3,5,0,3,0,0,0,2,1,6,4,1,2,7,0,1,0,6,3,1,2,1,5.0,68.8,1,2,1,143.8,69.5,1139,4539,3,2,8.5,143.0,0,2770
3,0,3,4,3,4,0,3,1,1,0,1,0,4,2,0,6,11,0,1,2,4,3,1,2,0,5.5,71.98,1,2,1,153.3,75.4,4613,18183,2,2,8.5,172.0,0,4000
3,0,4,2,1,6,0,2,0,2,1,0,0,1,2,0,6,8,1,0,3,6,0,2,0,1,2.8,33.35,1,2,1,130.0,56.0,22,117,0,2,13.3,149.0,0,1750
3,0,4,2,0,2,0,1,1,2,0,1,0,3,3,0,5,3,1,1,0,1,3,1,0,1,4.5,64.18,1,2,1,130.7,66.4,311,1025,1,2,9.2,145.0,0,2000
0,0,3,2,2,4,0,3,1,2,1,1,0,4,2,0,1,8,0,0,2,4,3,1,2,0,5.2,68.27,1,2,1,148.0,73.6,1611,3266,1,2,8.5,143.0,0,2900
6,0,3,7,2,5,0,2,1,4,1,2,0,5,0,0,6,8,0,1,4,4,3,2,1,0,6.22,82.6,1,2,1,155.1,75.0,10,11,4,2,8.2,163.5,0,4030
3,0,4,2,1,4,0,3,1,4,0,2,0,4,4,1,6,7,0,0,0,4,3,1,2,0,5.5,72.07,1,2,1,151.3,76.3,4239,19204,2,2,8.1,158.0,2,3000
3,0,5,4,2,2,0,5,0,2,0,2,1,6,4,0,1,11,1,0,0,4,1,2,2,0,5.7,74.62,2,2,2,151.2,79.2,847,4591,1,2,8.3,168.0,2,3200
0,0,4,4,3,1,0,2,1,1,1,1,0,4,2,0,6,8,1,1,0,4,3,2,1,1,5.2,67.86,0,2,3,148.7,73.7,29,220,1,2,7.9,155.0,0,3100
3,0,4,2,1,2,0,2,0,2,1,2,1,4,2,0,6,1,1,0,0,2,1,2,2,2,4.2,58.88,1,2,2,130.0,65.6,1178,3200,0,2,9.0,136.0,0,1800
3,0,3,2,2,4,0,2,1,4,0,1,0,4,2,0,7,8,0,1,2,4,3,2,1,1,5.5,71.09,1,2,3,152.0,77.0,253,274,1,2,8.1,145.0,2,3000
3,0,3,4,3,5,0,2,1,0,1,1,0,3,2,0,6,7,0,1,2,4,3,2,1,0,5.5,71.88,0,2,3,151.5,76.4,169,346,1,2,8.5,163.0,0,3020
3,0,4,2,5,2,0,5,0,2,1,0,0,1,5,0,7,8,0,0,3,0,0,2,0,1,2.4,30.49,1,2,2,116.4,50.3,1751,8845,0,4,13.2,83.4,0,1100
0,0,5,4,2,4,0,2,1,2,1,2,0,2,3,0,6,8,1,0,2,4,3,2,1,0,5.5,69.46,0,2,1,152.4,78.6,616,2253,2,2,7.6,170.0,2,3000
3,0,4,8,0,6,0,4,1,2,0,1,0,1,2,0,6,8,0,1,3,0,3,2,0,1,4.5,71.0,1,2,3,149.0,73.0,10,24,0,2,7.7,149.0,0,1300
3,0,6,5,5,6,0,1,1,2,0,1,0,1,2,0,5,8,1,1,2,0,3,1,0,1,4.0,57.46,1,2,1,125.0,63.4,193,597,1,2,10.3,120.0,0,1300
3,0,4,4,2,4,0,2,1,1,1,2,0,4,3,1,1,0,0,0,0,5,3,1,2,0,5.5,70.99,1,3,1,153.0,76.6,53106,54254,3,2,9.8,155.0,0,3000
3,0,4,2,1,4,0,2,1,2,0,1,0,3,2,0,1,6,0,0,0,2,3,1,1,1,4.8,65.58,1,2,3,141.9,68.1,705,3612,1,2,5.1,97.0,0,2000
0,0,3,2,1,5,0,2,1,2,1,1,0,3,2,0,7,8,0,1,2,2,3,2,1,1,5.0,65.01,0,2,2,146.5,72.2,775,4048,1,2,10.1,162.0,0,4000
3,0,4,2,0,4,0,2,1,2,1,1,0,3,2,0,6,8,1,1,3,1,3,2,1,1,5.0,66.74,1,4,1,144.3,71.4,16,128,1,2,8.5,136.0,0,2500
3,0,6,2,1,5,0,3,1,2,0,1,0,3,2,0,6,8,0,1,2,4,3,2,1,1,5.0,71.0,1,2,3,149.0,73.0,595,3415,0,2,7.7,149.0,0,3000
3,0,3,4,2,5,0,2,1,4,0,1,0,3,2,0,6,8,0,1,2,4,3,1,1,1,5.5,71.55,1,0,3,152.8,76.1,39,126,1,2,9.2,178.0,0,5000
3,0,3,7,2,4,0,2,1,1,0,1,0,5,2,1,6,3,0,1,2,4,3,1,2,0,6.0,75.78,1,0,1,160.9,81.2,90,269,1,2,8.4,210.0,0,5020
3,0,6,8,0,6,0,2,1,2,0,1,0,1,2,0,5,8,1,0,2,1,1,1,0,1,4.0,57.15,1,2,1,124.5,64.0,3018,17969,0,2,10.6,132.0,0,2000
1,0,5,1,4,5,0,5,0,4,1,2,1,7,5,1,3,3,0,1,2,3,3,3,3,0,6.2,83.99,0,2,0,158.1,73.8,721,3039,4,2,8.5,189.0,2,3500
0,0,3,2,1,4,0,3,1,2,0,1,0,5,4,0,7,10,1,0,2,4,3,1,2,0,5.5,71.55,1,2,1,152.6,76.2,25254,199772,1,2,8.0,150.0,2,2900
3,0,5,4,2,5,0,2,1,1,0,2,0,2,1,0,6,2,0,1,2,4,3,1,2,0,5.5,73.13,1,2,1,151.7,75.0,4012,18802,2,2,8.0,167.0,2,3300
3,0,1,2,1,5,0,3,1,2,0,2,0,4,2,0,6,3,0,0,2,4,3,1,1,0,5.5,69.94,1,2,1,154.3,77.1,1533,9264,1,2,8.4,168.0,2,3100
3,0,3,8,0,2,0,3,1,2,1,1,0,3,2,0,5,8,0,1,3,1,3,1,1,1,5.0,67.25,1,0,1,143.0,71.5,305,1349,1,2,10.7,149.0,0,4000
3,0,3,2,1,4,0,2,1,2,0,1,0,3,3,1,5,3,1,1,2,2,3,1,1,1,5.0,66.78,1,3,3,143.8,71.6,80737,422206,1,1,9.5,153.5,0,3500
0,0,4,4,2,2,0,1,0,2,0,1,1,5,3,0,2,1,0,1,0,6,3,3,3,2,5.4,70.67,1,3,1,147.0,77.2,563,1036,2,2,9.4,192.0,2,3410
3,0,4,2,1,6,0,1,0,2,1,0,0,1,2,0,6,8,1,0,3,6,0,2,0,1,2.8,31.33,1,2,2,133.6,58.0,201,583,0,2,16.2,150.4,0,4000
3,0,4,2,1,6,0,1,0,2,1,0,0,1,2,0,6,8,0,0,3,6,0,2,0,1,2.4,28.44,1,2,1,123.0,51.0,824,2923,0,2,12.9,103.0,0,3000
3,0,3,2,1,5,0,3,1,2,1,1,0,3,2,0,6,8,0,1,4,4,3,2,1,1,5.5,71.0,0,2,1,149.0,73.0,14,110,3,2,7.7,149.0,0,3050
0,0,4,4,2,4,0,2,1,1,0,1,1,4,3,1,1,7,0,1,0,4,3,1,2,0,5.5,71.55,1,2,1,153.0,76.0,5149,16498,2,2,8.5,177.0,0,5100
3,0,4,2,1,6,0,2,1,2,1,0,0,1,2,0,6,8,1,0,3,6,0,2,0,1,2.4,29.43,1,2,1,120.0,50.5,99,599,0,2,12.8,149.0,0,1000
3,0,3,2,1,4,0,4,1,2,1,1,0,4,2,0,0,8,0,1,4,2,3,2,1,1,5.45,73.06,1,2,1,148.4,70.7,23,127,3,2,7.9,135.6,0,2670
3,0,3,2,1,5,0,2,1,4,1,1,0,3,2,0,6,3,1,1,2,2,3,1,1,1,5.0,66.0,2,2,3,144.3,72.2,187,894,3,2,8.8,154.0,0,3000
0,0,4,4,2,5,0,2,0,1,0,2,0,5,2,1,6,8,0,1,0,4,3,1,2,1,5.0,70.58,1,2,0,141.6,68.8,9293,12194,2,2,8.4,149.0,2,3500
3,0,4,8,0,4,0,3,1,2,0,1,0,3,2,0,7,8,1,1,0,2,3,1,0,1,4.5,63.45,0,2,3,132.7,66.2,4826,23957,1,2,9.3,138.0,0,2000
3,0,4,8,5,6,0,3,1,2,0,2,0,4,4,0,6,8,1,0,0,2,1,1,1,1,5.25,68.58,1,2,2,146.8,75.3,1464,6112,1,2,8.9,163.0,0,2600
3,0,3,7,3,1,0,3,1,1,0,2,0,5,2,1,6,7,0,0,2,3,3,2,2,0,5.2,71.27,1,2,0,147.6,70.7,24,21,3,2,7.3,163.0,0,3000
3,0,4,4,2,4,0,2,1,1,1,1,1,5,3,1,0,10,0,1,0,6,3,1,2,0,5.5,69.63,1,2,1,156.4,76.4,8070,27398,1,2,6.9,165.0,0,3510
1,0,5,1,4,5,0,1,0,4,1,2,1,6,5,1,3,7,0,1,2,3,3,3,3,0,6.2,83.7,1,2,0,159.5,73.4,118,375,4,2,8.1,173.0,2,3500
3,0,5,8,5,4,0,2,1,2,0,2,0,2,5,0,5,3,1,0,2,2,3,1,1,1,5.0,67.02,1,2,3,142.3,72.1,27159,208866,2,2,8.5,149.0,2,2600
3,0,3,8,0,2,0,6,1,2,0,1,0,4,2,0,6,3,1,0,2,1,1,2,0,1,4.5,63.93,1,4,3,132.0,66.0,395,2342,1,2,9.1,132.0,0,1850
3,0,3,8,0,4,0,2,1,2,1,1,0,3,2,0,6,8,0,1,4,1,3,2,0,1,5.34,71.0,1,4,1,149.0,73.0,5,35,2,2,7.7,149.0,0,2700
1,0,5,7,3,1,0,3,1,4,1,2,0,4,1,0,6,8,0,1,2,5,3,1,1,0,5.6,75.33,1,2,1,149.9,70.8,220,595,3,2,7.7,162.0,2,3000
3,0,3,4,3,5,0,2,1,4,1,1,0,5,2,0,1,8,0,1,2,4,3,1,2,0,5.2,68.04,1,2,1,147.9,73.9,3969,20686,3,2,8.9,165.0,0,4000
3,0,4,7,2,0,0,3,0,1,0,2,1,6,2,1,2,4,0,1,0,6,3,1,2,1,5.2,70.75,1,2,1,146.0,72.0,257,403,3,2,8.1,161.0,0,2900
3,0,6,2,1,5,0,2,1,2,1,1,0,3,2,0,6,8,1,1,2,2,3,2,1,1,5.0,65.96,0,3,1,145.4,71.7,897,6887,0,2,9.1,149.6,0,2400
3,0,4,2,1,4,0,2,1,2,0,1,0,4,3,0,1,2,1,0,0,4,3,1,2,0,5.5,68.91,1,2,3,154.8,78.0,9279,36560,1,2,8.5,155.0,0,2500
3,0,4,2,0,2,0,2,1,2,1,2,0,5,2,0,1,3,0,0,0,2,1,2,1,1,5.0,68.73,1,4,2,141.5,70.7,17411,143743,1,2,10.9,149.0,0,2070
0,0,4,4,2,0,0,2,1,4,1,1,0,5,2,0,7,8,0,1,3,4,3,2,2,0,5.5,70.39,1,2,1,154.3,76.6,157,593,2,1,7.9,160.0,0,3000
3,0,3,2,1,2,0,2,1,2,0,1,0,3,5,0,1,8,1,0,2,2,3,1,1,1,5.0,66.19,1,4,1,142.7,72.8,2266,15519,1,2,8.7,155.0,0,2000
3,0,4,2,1,0,0,4,1,2,0,1,0,4,3,0,5,0,0,0,0,4,3,1,2,0,5.5,67.95,1,2,3,158.0,77.5,1117,3833,2,2,7.9,183.0,2,2600
3,0,4,4,2,0,0,2,1,4,1,2,0,3,2,0,6,8,0,1,0,4,3,2,1,1,6.0,75.91,1,2,1,160.4,76.3,14,39,3,1,8.5,161.0,0,4000
3,0,4,2,0,4,0,2,1,2,0,1,0,4,4,0,5,1,0,0,0,2,3,1,0,1,5.0,67.2,1,2,1,142.7,71.7,651,2335,1,2,7.5,141.0,0,2420
3,0,3,7,3,0,0,4,1,4,1,2,1,5,3,1,0,0,0,0,2,6,3,1,2,0,5.5,69.95,1,2,1,156.5,76.0,751,2397,3,2,7.8,165.0,0,3000
3,0,4,2,2,5,0,2,1,1,0,1,1,5,2,0,0,3,0,1,0,4,3,2,1,0,5.2,68.52,1,2,1,149.7,72.5,1220,6070,2,2,8.0,160.0,0,3000
3,0,6,8,0,2,0,2,1,2,0,1,0,3,2,0,0,8,1,1,2,1,3,2,0,1,4.5,63.93,1,2,1,132.0,66.0,422,1676,1,2,9.7,156.0,0,1800
3,2,4,4,2,5,0,2,1,4,0,2,0,5,3,1,7,1,0,1,0,5,3,1,2,0,5.5,74.21,1,2,0,151.1,74.2,4892,16211,2,2,7.5,153.0,2,3000
